{
  "args0": [
    {
      "type": "input_value",
      "name": "texturetochange",
      "check": "String"
    },
	{
      "type": "input_value",
      "name": "newtexture",
      "check": "String"
    }
  ],
  "inputsInline": true,
  "previousStatement": null,
  "nextStatement": null,
  "colour": "#5d4094",
  "mcreator": {
    "toolbox_id": "advanced",
    "toolbox_init": [
      "<value name=\"texturetochange\"><block type=\"text\"><field name=\"TEXT\">minecraft:textures/gui/icons.png</field></block></value>",
	  "<value name=\"newtexture\"><block type=\"text\"><field name=\"TEXT\">YOUR_MOD_ID:textures/LOCATION/NAME.png</field></block></value>"
    ],
    "inputs": [
      "texturetochange",
	  "newtexture"
    ],
    "dependencies": [
	      {
        "name": "world",
        "type": "world"
      }
    ],
	"warnings": [
      "client_side_procedure",
	  "1165_only"
    ]
	
  }
}